{
  "model": {
    "type": "minecraft:select",
    "cases": [
      {
        "when": {
          "pattern": "sentry",
          "material": "redstone"
        },
        "model": {
          "type": "minecraft:model",
          "model": "minecraft:item/diamond_boots/sentry/redstone"
        }
      },
      {
        "when": {
          "pattern": "vex",
          "material": "redstone"
        },
        "model": {
          "type": "minecraft:model",
          "model": "minecraft:item/diamond_boots/vex/redstone"
        }
      },
      {
        "when": {
          "pattern": "wild",
          "material": "redstone"
        },
        "model": {
          "type": "minecraft:model",
          "model": "minecraft:item/diamond_boots/wild/redstone"
        }
      },
      {
        "when": {
          "pattern": "coast",
          "material": "redstone"
        },
        "model": {
          "type": "minecraft:model",
          "model": "minecraft:item/diamond_boots/coast/redstone"
        }
      },
      {
        "when": {
          "pattern": "dune",
          "material": "redstone"
        },
        "model": {
          "type": "minecraft:model",
          "model": "minecraft:item/diamond_boots/dune/redstone"
        }
      },
      {
        "when": {
          "pattern": "wayfinder",
          "material": "redstone"
        },
        "model": {
          "type": "minecraft:model",
          "model": "minecraft:item/diamond_boots/wayfinder/redstone"
        }
      },
      {
        "when": {
          "pattern": "raiser",
          "material": "redstone"
        },
        "model": {
          "type": "minecraft:model",
          "model": "minecraft:item/diamond_boots/raiser/redstone"
        }
      },
      {
        "when": {
          "pattern": "shaper",
          "material": "redstone"
        },
        "model": {
          "type": "minecraft:model",
          "model": "minecraft:item/diamond_boots/shaper/redstone"
        }
      },
      {
        "when": {
          "pattern": "host",
          "material": "redstone"
        },
        "model": {
          "type": "minecraft:model",
          "model": "minecraft:item/diamond_boots/host/redstone"
        }
      },
      {
        "when": {
          "pattern": "ward",
          "material": "redstone"
        },
        "model": {
          "type": "minecraft:model",
          "model": "minecraft:item/diamond_boots/ward/redstone"
        }
      },
      {
        "when": {
          "pattern": "silence",
          "material": "redstone"
        },
        "model": {
          "type": "minecraft:model",
          "model": "minecraft:item/diamond_boots/silence/redstone"
        }
      },
      {
        "when": {
          "pattern": "tide",
          "material": "redstone"
        },
        "model": {
          "type": "minecraft:model",
          "model": "minecraft:item/diamond_boots/tide/redstone"
        }
      },
      {
        "when": {
          "pattern": "snout",
          "material": "redstone"
        },
        "model": {
          "type": "minecraft:model",
          "model": "minecraft:item/diamond_boots/snout/redstone"
        }
      },
      {
        "when": {
          "pattern": "rib",
          "material": "redstone"
        },
        "model": {
          "type": "minecraft:model",
          "model": "minecraft:item/diamond_boots/rib/redstone"
        }
      },
      {
        "when": {
          "pattern": "eye",
          "material": "redstone"
        },
        "model": {
          "type": "minecraft:model",
          "model": "minecraft:item/diamond_boots/eye/redstone"
        }
      },
      {
        "when": {
          "pattern": "spire",
          "material": "redstone"
        },
        "model": {
          "type": "minecraft:model",
          "model": "minecraft:item/diamond_boots/spire/redstone"
        }
      },
      {
        "when": {
          "pattern": "bolt",
          "material": "redstone"
        },
        "model": {
          "type": "minecraft:model",
          "model": "minecraft:item/diamond_boots/bolt/redstone"
        }
      },
      {
        "when": {
          "pattern": "flow",
          "material": "redstone"
        },
        "model": {
          "type": "minecraft:model",
          "model": "minecraft:item/diamond_boots/flow/redstone"
        }
      },
      {
        "when": {
          "pattern": "sentry",
          "material": "copper"
        },
        "model": {
          "type": "minecraft:model",
          "model": "minecraft:item/diamond_boots/sentry/copper"
        }
      },
      {
        "when": {
          "pattern": "vex",
          "material": "copper"
        },
        "model": {
          "type": "minecraft:model",
          "model": "minecraft:item/diamond_boots/vex/copper"
        }
      },
      {
        "when": {
          "pattern": "wild",
          "material": "copper"
        },
        "model": {
          "type": "minecraft:model",
          "model": "minecraft:item/diamond_boots/wild/copper"
        }
      },
      {
        "when": {
          "pattern": "coast",
          "material": "copper"
        },
        "model": {
          "type": "minecraft:model",
          "model": "minecraft:item/diamond_boots/coast/copper"
        }
      },
      {
        "when": {
          "pattern": "dune",
          "material": "copper"
        },
        "model": {
          "type": "minecraft:model",
          "model": "minecraft:item/diamond_boots/dune/copper"
        }
      },
      {
        "when": {
          "pattern": "wayfinder",
          "material": "copper"
        },
        "model": {
          "type": "minecraft:model",
          "model": "minecraft:item/diamond_boots/wayfinder/copper"
        }
      },
      {
        "when": {
          "pattern": "raiser",
          "material": "copper"
        },
        "model": {
          "type": "minecraft:model",
          "model": "minecraft:item/diamond_boots/raiser/copper"
        }
      },
      {
        "when": {
          "pattern": "shaper",
          "material": "copper"
        },
        "model": {
          "type": "minecraft:model",
          "model": "minecraft:item/diamond_boots/shaper/copper"
        }
      },
      {
        "when": {
          "pattern": "host",
          "material": "copper"
        },
        "model": {
          "type": "minecraft:model",
          "model": "minecraft:item/diamond_boots/host/copper"
        }
      },
      {
        "when": {
          "pattern": "ward",
          "material": "copper"
        },
        "model": {
          "type": "minecraft:model",
          "model": "minecraft:item/diamond_boots/ward/copper"
        }
      },
      {
        "when": {
          "pattern": "silence",
          "material": "copper"
        },
        "model": {
          "type": "minecraft:model",
          "model": "minecraft:item/diamond_boots/silence/copper"
        }
      },
      {
        "when": {
          "pattern": "tide",
          "material": "copper"
        },
        "model": {
          "type": "minecraft:model",
          "model": "minecraft:item/diamond_boots/tide/copper"
        }
      },
      {
        "when": {
          "pattern": "snout",
          "material": "copper"
        },
        "model": {
          "type": "minecraft:model",
          "model": "minecraft:item/diamond_boots/snout/copper"
        }
      },
      {
        "when": {
          "pattern": "rib",
          "material": "copper"
        },
        "model": {
          "type": "minecraft:model",
          "model": "minecraft:item/diamond_boots/rib/copper"
        }
      },
      {
        "when": {
          "pattern": "eye",
          "material": "copper"
        },
        "model": {
          "type": "minecraft:model",
          "model": "minecraft:item/diamond_boots/eye/copper"
        }
      },
      {
        "when": {
          "pattern": "spire",
          "material": "copper"
        },
        "model": {
          "type": "minecraft:model",
          "model": "minecraft:item/diamond_boots/spire/copper"
        }
      },
      {
        "when": {
          "pattern": "bolt",
          "material": "copper"
        },
        "model": {
          "type": "minecraft:model",
          "model": "minecraft:item/diamond_boots/bolt/copper"
        }
      },
      {
        "when": {
          "pattern": "flow",
          "material": "copper"
        },
        "model": {
          "type": "minecraft:model",
          "model": "minecraft:item/diamond_boots/flow/copper"
        }
      },
      {
        "when": {
          "pattern": "sentry",
          "material": "gold"
        },
        "model": {
          "type": "minecraft:model",
          "model": "minecraft:item/diamond_boots/sentry/gold"
        }
      },
      {
        "when": {
          "pattern": "vex",
          "material": "gold"
        },
        "model": {
          "type": "minecraft:model",
          "model": "minecraft:item/diamond_boots/vex/gold"
        }
      },
      {
        "when": {
          "pattern": "wild",
          "material": "gold"
        },
        "model": {
          "type": "minecraft:model",
          "model": "minecraft:item/diamond_boots/wild/gold"
        }
      },
      {
        "when": {
          "pattern": "coast",
          "material": "gold"
        },
        "model": {
          "type": "minecraft:model",
          "model": "minecraft:item/diamond_boots/coast/gold"
        }
      },
      {
        "when": {
          "pattern": "dune",
          "material": "gold"
        },
        "model": {
          "type": "minecraft:model",
          "model": "minecraft:item/diamond_boots/dune/gold"
        }
      },
      {
        "when": {
          "pattern": "wayfinder",
          "material": "gold"
        },
        "model": {
          "type": "minecraft:model",
          "model": "minecraft:item/diamond_boots/wayfinder/gold"
        }
      },
      {
        "when": {
          "pattern": "raiser",
          "material": "gold"
        },
        "model": {
          "type": "minecraft:model",
          "model": "minecraft:item/diamond_boots/raiser/gold"
        }
      },
      {
        "when": {
          "pattern": "shaper",
          "material": "gold"
        },
        "model": {
          "type": "minecraft:model",
          "model": "minecraft:item/diamond_boots/shaper/gold"
        }
      },
      {
        "when": {
          "pattern": "host",
          "material": "gold"
        },
        "model": {
          "type": "minecraft:model",
          "model": "minecraft:item/diamond_boots/host/gold"
        }
      },
      {
        "when": {
          "pattern": "ward",
          "material": "gold"
        },
        "model": {
          "type": "minecraft:model",
          "model": "minecraft:item/diamond_boots/ward/gold"
        }
      },
      {
        "when": {
          "pattern": "silence",
          "material": "gold"
        },
        "model": {
          "type": "minecraft:model",
          "model": "minecraft:item/diamond_boots/silence/gold"
        }
      },
      {
        "when": {
          "pattern": "tide",
          "material": "gold"
        },
        "model": {
          "type": "minecraft:model",
          "model": "minecraft:item/diamond_boots/tide/gold"
        }
      },
      {
        "when": {
          "pattern": "snout",
          "material": "gold"
        },
        "model": {
          "type": "minecraft:model",
          "model": "minecraft:item/diamond_boots/snout/gold"
        }
      },
      {
        "when": {
          "pattern": "rib",
          "material": "gold"
        },
        "model": {
          "type": "minecraft:model",
          "model": "minecraft:item/diamond_boots/rib/gold"
        }
      },
      {
        "when": {
          "pattern": "eye",
          "material": "gold"
        },
        "model": {
          "type": "minecraft:model",
          "model": "minecraft:item/diamond_boots/eye/gold"
        }
      },
      {
        "when": {
          "pattern": "spire",
          "material": "gold"
        },
        "model": {
          "type": "minecraft:model",
          "model": "minecraft:item/diamond_boots/spire/gold"
        }
      },
      {
        "when": {
          "pattern": "bolt",
          "material": "gold"
        },
        "model": {
          "type": "minecraft:model",
          "model": "minecraft:item/diamond_boots/bolt/gold"
        }
      },
      {
        "when": {
          "pattern": "flow",
          "material": "gold"
        },
        "model": {
          "type": "minecraft:model",
          "model": "minecraft:item/diamond_boots/flow/gold"
        }
      },
      {
        "when": {
          "pattern": "sentry",
          "material": "emerald"
        },
        "model": {
          "type": "minecraft:model",
          "model": "minecraft:item/diamond_boots/sentry/emerald"
        }
      },
      {
        "when": {
          "pattern": "vex",
          "material": "emerald"
        },
        "model": {
          "type": "minecraft:model",
          "model": "minecraft:item/diamond_boots/vex/emerald"
        }
      },
      {
        "when": {
          "pattern": "wild",
          "material": "emerald"
        },
        "model": {
          "type": "minecraft:model",
          "model": "minecraft:item/diamond_boots/wild/emerald"
        }
      },
      {
        "when": {
          "pattern": "coast",
          "material": "emerald"
        },
        "model": {
          "type": "minecraft:model",
          "model": "minecraft:item/diamond_boots/coast/emerald"
        }
      },
      {
        "when": {
          "pattern": "dune",
          "material": "emerald"
        },
        "model": {
          "type": "minecraft:model",
          "model": "minecraft:item/diamond_boots/dune/emerald"
        }
      },
      {
        "when": {
          "pattern": "wayfinder",
          "material": "emerald"
        },
        "model": {
          "type": "minecraft:model",
          "model": "minecraft:item/diamond_boots/wayfinder/emerald"
        }
      },
      {
        "when": {
          "pattern": "raiser",
          "material": "emerald"
        },
        "model": {
          "type": "minecraft:model",
          "model": "minecraft:item/diamond_boots/raiser/emerald"
        }
      },
      {
        "when": {
          "pattern": "shaper",
          "material": "emerald"
        },
        "model": {
          "type": "minecraft:model",
          "model": "minecraft:item/diamond_boots/shaper/emerald"
        }
      },
      {
        "when": {
          "pattern": "host",
          "material": "emerald"
        },
        "model": {
          "type": "minecraft:model",
          "model": "minecraft:item/diamond_boots/host/emerald"
        }
      },
      {
        "when": {
          "pattern": "ward",
          "material": "emerald"
        },
        "model": {
          "type": "minecraft:model",
          "model": "minecraft:item/diamond_boots/ward/emerald"
        }
      },
      {
        "when": {
          "pattern": "silence",
          "material": "emerald"
        },
        "model": {
          "type": "minecraft:model",
          "model": "minecraft:item/diamond_boots/silence/emerald"
        }
      },
      {
        "when": {
          "pattern": "tide",
          "material": "emerald"
        },
        "model": {
          "type": "minecraft:model",
          "model": "minecraft:item/diamond_boots/tide/emerald"
        }
      },
      {
        "when": {
          "pattern": "snout",
          "material": "emerald"
        },
        "model": {
          "type": "minecraft:model",
          "model": "minecraft:item/diamond_boots/snout/emerald"
        }
      },
      {
        "when": {
          "pattern": "rib",
          "material": "emerald"
        },
        "model": {
          "type": "minecraft:model",
          "model": "minecraft:item/diamond_boots/rib/emerald"
        }
      },
      {
        "when": {
          "pattern": "eye",
          "material": "emerald"
        },
        "model": {
          "type": "minecraft:model",
          "model": "minecraft:item/diamond_boots/eye/emerald"
        }
      },
      {
        "when": {
          "pattern": "spire",
          "material": "emerald"
        },
        "model": {
          "type": "minecraft:model",
          "model": "minecraft:item/diamond_boots/spire/emerald"
        }
      },
      {
        "when": {
          "pattern": "bolt",
          "material": "emerald"
        },
        "model": {
          "type": "minecraft:model",
          "model": "minecraft:item/diamond_boots/bolt/emerald"
        }
      },
      {
        "when": {
          "pattern": "flow",
          "material": "emerald"
        },
        "model": {
          "type": "minecraft:model",
          "model": "minecraft:item/diamond_boots/flow/emerald"
        }
      },
      {
        "when": {
          "pattern": "sentry",
          "material": "diamond"
        },
        "model": {
          "type": "minecraft:model",
          "model": "minecraft:item/diamond_boots/sentry/diamond"
        }
      },
      {
        "when": {
          "pattern": "vex",
          "material": "diamond"
        },
        "model": {
          "type": "minecraft:model",
          "model": "minecraft:item/diamond_boots/vex/diamond"
        }
      },
      {
        "when": {
          "pattern": "wild",
          "material": "diamond"
        },
        "model": {
          "type": "minecraft:model",
          "model": "minecraft:item/diamond_boots/wild/diamond"
        }
      },
      {
        "when": {
          "pattern": "coast",
          "material": "diamond"
        },
        "model": {
          "type": "minecraft:model",
          "model": "minecraft:item/diamond_boots/coast/diamond"
        }
      },
      {
        "when": {
          "pattern": "dune",
          "material": "diamond"
        },
        "model": {
          "type": "minecraft:model",
          "model": "minecraft:item/diamond_boots/dune/diamond"
        }
      },
      {
        "when": {
          "pattern": "wayfinder",
          "material": "diamond"
        },
        "model": {
          "type": "minecraft:model",
          "model": "minecraft:item/diamond_boots/wayfinder/diamond"
        }
      },
      {
        "when": {
          "pattern": "raiser",
          "material": "diamond"
        },
        "model": {
          "type": "minecraft:model",
          "model": "minecraft:item/diamond_boots/raiser/diamond"
        }
      },
      {
        "when": {
          "pattern": "shaper",
          "material": "diamond"
        },
        "model": {
          "type": "minecraft:model",
          "model": "minecraft:item/diamond_boots/shaper/diamond"
        }
      },
      {
        "when": {
          "pattern": "host",
          "material": "diamond"
        },
        "model": {
          "type": "minecraft:model",
          "model": "minecraft:item/diamond_boots/host/diamond"
        }
      },
      {
        "when": {
          "pattern": "ward",
          "material": "diamond"
        },
        "model": {
          "type": "minecraft:model",
          "model": "minecraft:item/diamond_boots/ward/diamond"
        }
      },
      {
        "when": {
          "pattern": "silence",
          "material": "diamond"
        },
        "model": {
          "type": "minecraft:model",
          "model": "minecraft:item/diamond_boots/silence/diamond"
        }
      },
      {
        "when": {
          "pattern": "tide",
          "material": "diamond"
        },
        "model": {
          "type": "minecraft:model",
          "model": "minecraft:item/diamond_boots/tide/diamond"
        }
      },
      {
        "when": {
          "pattern": "snout",
          "material": "diamond"
        },
        "model": {
          "type": "minecraft:model",
          "model": "minecraft:item/diamond_boots/snout/diamond"
        }
      },
      {
        "when": {
          "pattern": "rib",
          "material": "diamond"
        },
        "model": {
          "type": "minecraft:model",
          "model": "minecraft:item/diamond_boots/rib/diamond"
        }
      },
      {
        "when": {
          "pattern": "eye",
          "material": "diamond"
        },
        "model": {
          "type": "minecraft:model",
          "model": "minecraft:item/diamond_boots/eye/diamond"
        }
      },
      {
        "when": {
          "pattern": "spire",
          "material": "diamond"
        },
        "model": {
          "type": "minecraft:model",
          "model": "minecraft:item/diamond_boots/spire/diamond"
        }
      },
      {
        "when": {
          "pattern": "bolt",
          "material": "diamond"
        },
        "model": {
          "type": "minecraft:model",
          "model": "minecraft:item/diamond_boots/bolt/diamond"
        }
      },
      {
        "when": {
          "pattern": "flow",
          "material": "diamond"
        },
        "model": {
          "type": "minecraft:model",
          "model": "minecraft:item/diamond_boots/flow/diamond"
        }
      },
      {
        "when": {
          "pattern": "sentry",
          "material": "lapis"
        },
        "model": {
          "type": "minecraft:model",
          "model": "minecraft:item/diamond_boots/sentry/lapis"
        }
      },
      {
        "when": {
          "pattern": "vex",
          "material": "lapis"
        },
        "model": {
          "type": "minecraft:model",
          "model": "minecraft:item/diamond_boots/vex/lapis"
        }
      },
      {
        "when": {
          "pattern": "wild",
          "material": "lapis"
        },
        "model": {
          "type": "minecraft:model",
          "model": "minecraft:item/diamond_boots/wild/lapis"
        }
      },
      {
        "when": {
          "pattern": "coast",
          "material": "lapis"
        },
        "model": {
          "type": "minecraft:model",
          "model": "minecraft:item/diamond_boots/coast/lapis"
        }
      },
      {
        "when": {
          "pattern": "dune",
          "material": "lapis"
        },
        "model": {
          "type": "minecraft:model",
          "model": "minecraft:item/diamond_boots/dune/lapis"
        }
      },
      {
        "when": {
          "pattern": "wayfinder",
          "material": "lapis"
        },
        "model": {
          "type": "minecraft:model",
          "model": "minecraft:item/diamond_boots/wayfinder/lapis"
        }
      },
      {
        "when": {
          "pattern": "raiser",
          "material": "lapis"
        },
        "model": {
          "type": "minecraft:model",
          "model": "minecraft:item/diamond_boots/raiser/lapis"
        }
      },
      {
        "when": {
          "pattern": "shaper",
          "material": "lapis"
        },
        "model": {
          "type": "minecraft:model",
          "model": "minecraft:item/diamond_boots/shaper/lapis"
        }
      },
      {
        "when": {
          "pattern": "host",
          "material": "lapis"
        },
        "model": {
          "type": "minecraft:model",
          "model": "minecraft:item/diamond_boots/host/lapis"
        }
      },
      {
        "when": {
          "pattern": "ward",
          "material": "lapis"
        },
        "model": {
          "type": "minecraft:model",
          "model": "minecraft:item/diamond_boots/ward/lapis"
        }
      },
      {
        "when": {
          "pattern": "silence",
          "material": "lapis"
        },
        "model": {
          "type": "minecraft:model",
          "model": "minecraft:item/diamond_boots/silence/lapis"
        }
      },
      {
        "when": {
          "pattern": "tide",
          "material": "lapis"
        },
        "model": {
          "type": "minecraft:model",
          "model": "minecraft:item/diamond_boots/tide/lapis"
        }
      },
      {
        "when": {
          "pattern": "snout",
          "material": "lapis"
        },
        "model": {
          "type": "minecraft:model",
          "model": "minecraft:item/diamond_boots/snout/lapis"
        }
      },
      {
        "when": {
          "pattern": "rib",
          "material": "lapis"
        },
        "model": {
          "type": "minecraft:model",
          "model": "minecraft:item/diamond_boots/rib/lapis"
        }
      },
      {
        "when": {
          "pattern": "eye",
          "material": "lapis"
        },
        "model": {
          "type": "minecraft:model",
          "model": "minecraft:item/diamond_boots/eye/lapis"
        }
      },
      {
        "when": {
          "pattern": "spire",
          "material": "lapis"
        },
        "model": {
          "type": "minecraft:model",
          "model": "minecraft:item/diamond_boots/spire/lapis"
        }
      },
      {
        "when": {
          "pattern": "bolt",
          "material": "lapis"
        },
        "model": {
          "type": "minecraft:model",
          "model": "minecraft:item/diamond_boots/bolt/lapis"
        }
      },
      {
        "when": {
          "pattern": "flow",
          "material": "lapis"
        },
        "model": {
          "type": "minecraft:model",
          "model": "minecraft:item/diamond_boots/flow/lapis"
        }
      },
      {
        "when": {
          "pattern": "sentry",
          "material": "amethyst"
        },
        "model": {
          "type": "minecraft:model",
          "model": "minecraft:item/diamond_boots/sentry/amethyst"
        }
      },
      {
        "when": {
          "pattern": "vex",
          "material": "amethyst"
        },
        "model": {
          "type": "minecraft:model",
          "model": "minecraft:item/diamond_boots/vex/amethyst"
        }
      },
      {
        "when": {
          "pattern": "wild",
          "material": "amethyst"
        },
        "model": {
          "type": "minecraft:model",
          "model": "minecraft:item/diamond_boots/wild/amethyst"
        }
      },
      {
        "when": {
          "pattern": "coast",
          "material": "amethyst"
        },
        "model": {
          "type": "minecraft:model",
          "model": "minecraft:item/diamond_boots/coast/amethyst"
        }
      },
      {
        "when": {
          "pattern": "dune",
          "material": "amethyst"
        },
        "model": {
          "type": "minecraft:model",
          "model": "minecraft:item/diamond_boots/dune/amethyst"
        }
      },
      {
        "when": {
          "pattern": "wayfinder",
          "material": "amethyst"
        },
        "model": {
          "type": "minecraft:model",
          "model": "minecraft:item/diamond_boots/wayfinder/amethyst"
        }
      },
      {
        "when": {
          "pattern": "raiser",
          "material": "amethyst"
        },
        "model": {
          "type": "minecraft:model",
          "model": "minecraft:item/diamond_boots/raiser/amethyst"
        }
      },
      {
        "when": {
          "pattern": "shaper",
          "material": "amethyst"
        },
        "model": {
          "type": "minecraft:model",
          "model": "minecraft:item/diamond_boots/shaper/amethyst"
        }
      },
      {
        "when": {
          "pattern": "host",
          "material": "amethyst"
        },
        "model": {
          "type": "minecraft:model",
          "model": "minecraft:item/diamond_boots/host/amethyst"
        }
      },
      {
        "when": {
          "pattern": "ward",
          "material": "amethyst"
        },
        "model": {
          "type": "minecraft:model",
          "model": "minecraft:item/diamond_boots/ward/amethyst"
        }
      },
      {
        "when": {
          "pattern": "silence",
          "material": "amethyst"
        },
        "model": {
          "type": "minecraft:model",
          "model": "minecraft:item/diamond_boots/silence/amethyst"
        }
      },
      {
        "when": {
          "pattern": "tide",
          "material": "amethyst"
        },
        "model": {
          "type": "minecraft:model",
          "model": "minecraft:item/diamond_boots/tide/amethyst"
        }
      },
      {
        "when": {
          "pattern": "snout",
          "material": "amethyst"
        },
        "model": {
          "type": "minecraft:model",
          "model": "minecraft:item/diamond_boots/snout/amethyst"
        }
      },
      {
        "when": {
          "pattern": "rib",
          "material": "amethyst"
        },
        "model": {
          "type": "minecraft:model",
          "model": "minecraft:item/diamond_boots/rib/amethyst"
        }
      },
      {
        "when": {
          "pattern": "eye",
          "material": "amethyst"
        },
        "model": {
          "type": "minecraft:model",
          "model": "minecraft:item/diamond_boots/eye/amethyst"
        }
      },
      {
        "when": {
          "pattern": "spire",
          "material": "amethyst"
        },
        "model": {
          "type": "minecraft:model",
          "model": "minecraft:item/diamond_boots/spire/amethyst"
        }
      },
      {
        "when": {
          "pattern": "bolt",
          "material": "amethyst"
        },
        "model": {
          "type": "minecraft:model",
          "model": "minecraft:item/diamond_boots/bolt/amethyst"
        }
      },
      {
        "when": {
          "pattern": "flow",
          "material": "amethyst"
        },
        "model": {
          "type": "minecraft:model",
          "model": "minecraft:item/diamond_boots/flow/amethyst"
        }
      },
      {
        "when": {
          "pattern": "sentry",
          "material": "quartz"
        },
        "model": {
          "type": "minecraft:model",
          "model": "minecraft:item/diamond_boots/sentry/quartz"
        }
      },
      {
        "when": {
          "pattern": "vex",
          "material": "quartz"
        },
        "model": {
          "type": "minecraft:model",
          "model": "minecraft:item/diamond_boots/vex/quartz"
        }
      },
      {
        "when": {
          "pattern": "wild",
          "material": "quartz"
        },
        "model": {
          "type": "minecraft:model",
          "model": "minecraft:item/diamond_boots/wild/quartz"
        }
      },
      {
        "when": {
          "pattern": "coast",
          "material": "quartz"
        },
        "model": {
          "type": "minecraft:model",
          "model": "minecraft:item/diamond_boots/coast/quartz"
        }
      },
      {
        "when": {
          "pattern": "dune",
          "material": "quartz"
        },
        "model": {
          "type": "minecraft:model",
          "model": "minecraft:item/diamond_boots/dune/quartz"
        }
      },
      {
        "when": {
          "pattern": "wayfinder",
          "material": "quartz"
        },
        "model": {
          "type": "minecraft:model",
          "model": "minecraft:item/diamond_boots/wayfinder/quartz"
        }
      },
      {
        "when": {
          "pattern": "raiser",
          "material": "quartz"
        },
        "model": {
          "type": "minecraft:model",
          "model": "minecraft:item/diamond_boots/raiser/quartz"
        }
      },
      {
        "when": {
          "pattern": "shaper",
          "material": "quartz"
        },
        "model": {
          "type": "minecraft:model",
          "model": "minecraft:item/diamond_boots/shaper/quartz"
        }
      },
      {
        "when": {
          "pattern": "host",
          "material": "quartz"
        },
        "model": {
          "type": "minecraft:model",
          "model": "minecraft:item/diamond_boots/host/quartz"
        }
      },
      {
        "when": {
          "pattern": "ward",
          "material": "quartz"
        },
        "model": {
          "type": "minecraft:model",
          "model": "minecraft:item/diamond_boots/ward/quartz"
        }
      },
      {
        "when": {
          "pattern": "silence",
          "material": "quartz"
        },
        "model": {
          "type": "minecraft:model",
          "model": "minecraft:item/diamond_boots/silence/quartz"
        }
      },
      {
        "when": {
          "pattern": "tide",
          "material": "quartz"
        },
        "model": {
          "type": "minecraft:model",
          "model": "minecraft:item/diamond_boots/tide/quartz"
        }
      },
      {
        "when": {
          "pattern": "snout",
          "material": "quartz"
        },
        "model": {
          "type": "minecraft:model",
          "model": "minecraft:item/diamond_boots/snout/quartz"
        }
      },
      {
        "when": {
          "pattern": "rib",
          "material": "quartz"
        },
        "model": {
          "type": "minecraft:model",
          "model": "minecraft:item/diamond_boots/rib/quartz"
        }
      },
      {
        "when": {
          "pattern": "eye",
          "material": "quartz"
        },
        "model": {
          "type": "minecraft:model",
          "model": "minecraft:item/diamond_boots/eye/quartz"
        }
      },
      {
        "when": {
          "pattern": "spire",
          "material": "quartz"
        },
        "model": {
          "type": "minecraft:model",
          "model": "minecraft:item/diamond_boots/spire/quartz"
        }
      },
      {
        "when": {
          "pattern": "bolt",
          "material": "quartz"
        },
        "model": {
          "type": "minecraft:model",
          "model": "minecraft:item/diamond_boots/bolt/quartz"
        }
      },
      {
        "when": {
          "pattern": "flow",
          "material": "quartz"
        },
        "model": {
          "type": "minecraft:model",
          "model": "minecraft:item/diamond_boots/flow/quartz"
        }
      },
      {
        "when": {
          "pattern": "sentry",
          "material": "iron"
        },
        "model": {
          "type": "minecraft:model",
          "model": "minecraft:item/diamond_boots/sentry/iron"
        }
      },
      {
        "when": {
          "pattern": "vex",
          "material": "iron"
        },
        "model": {
          "type": "minecraft:model",
          "model": "minecraft:item/diamond_boots/vex/iron"
        }
      },
      {
        "when": {
          "pattern": "wild",
          "material": "iron"
        },
        "model": {
          "type": "minecraft:model",
          "model": "minecraft:item/diamond_boots/wild/iron"
        }
      },
      {
        "when": {
          "pattern": "coast",
          "material": "iron"
        },
        "model": {
          "type": "minecraft:model",
          "model": "minecraft:item/diamond_boots/coast/iron"
        }
      },
      {
        "when": {
          "pattern": "dune",
          "material": "iron"
        },
        "model": {
          "type": "minecraft:model",
          "model": "minecraft:item/diamond_boots/dune/iron"
        }
      },
      {
        "when": {
          "pattern": "wayfinder",
          "material": "iron"
        },
        "model": {
          "type": "minecraft:model",
          "model": "minecraft:item/diamond_boots/wayfinder/iron"
        }
      },
      {
        "when": {
          "pattern": "raiser",
          "material": "iron"
        },
        "model": {
          "type": "minecraft:model",
          "model": "minecraft:item/diamond_boots/raiser/iron"
        }
      },
      {
        "when": {
          "pattern": "shaper",
          "material": "iron"
        },
        "model": {
          "type": "minecraft:model",
          "model": "minecraft:item/diamond_boots/shaper/iron"
        }
      },
      {
        "when": {
          "pattern": "host",
          "material": "iron"
        },
        "model": {
          "type": "minecraft:model",
          "model": "minecraft:item/diamond_boots/host/iron"
        }
      },
      {
        "when": {
          "pattern": "ward",
          "material": "iron"
        },
        "model": {
          "type": "minecraft:model",
          "model": "minecraft:item/diamond_boots/ward/iron"
        }
      },
      {
        "when": {
          "pattern": "silence",
          "material": "iron"
        },
        "model": {
          "type": "minecraft:model",
          "model": "minecraft:item/diamond_boots/silence/iron"
        }
      },
      {
        "when": {
          "pattern": "tide",
          "material": "iron"
        },
        "model": {
          "type": "minecraft:model",
          "model": "minecraft:item/diamond_boots/tide/iron"
        }
      },
      {
        "when": {
          "pattern": "snout",
          "material": "iron"
        },
        "model": {
          "type": "minecraft:model",
          "model": "minecraft:item/diamond_boots/snout/iron"
        }
      },
      {
        "when": {
          "pattern": "rib",
          "material": "iron"
        },
        "model": {
          "type": "minecraft:model",
          "model": "minecraft:item/diamond_boots/rib/iron"
        }
      },
      {
        "when": {
          "pattern": "eye",
          "material": "iron"
        },
        "model": {
          "type": "minecraft:model",
          "model": "minecraft:item/diamond_boots/eye/iron"
        }
      },
      {
        "when": {
          "pattern": "spire",
          "material": "iron"
        },
        "model": {
          "type": "minecraft:model",
          "model": "minecraft:item/diamond_boots/spire/iron"
        }
      },
      {
        "when": {
          "pattern": "bolt",
          "material": "iron"
        },
        "model": {
          "type": "minecraft:model",
          "model": "minecraft:item/diamond_boots/bolt/iron"
        }
      },
      {
        "when": {
          "pattern": "flow",
          "material": "iron"
        },
        "model": {
          "type": "minecraft:model",
          "model": "minecraft:item/diamond_boots/flow/iron"
        }
      },
      {
        "when": {
          "pattern": "sentry",
          "material": "netherite"
        },
        "model": {
          "type": "minecraft:model",
          "model": "minecraft:item/diamond_boots/sentry/netherite"
        }
      },
      {
        "when": {
          "pattern": "vex",
          "material": "netherite"
        },
        "model": {
          "type": "minecraft:model",
          "model": "minecraft:item/diamond_boots/vex/netherite"
        }
      },
      {
        "when": {
          "pattern": "wild",
          "material": "netherite"
        },
        "model": {
          "type": "minecraft:model",
          "model": "minecraft:item/diamond_boots/wild/netherite"
        }
      },
      {
        "when": {
          "pattern": "coast",
          "material": "netherite"
        },
        "model": {
          "type": "minecraft:model",
          "model": "minecraft:item/diamond_boots/coast/netherite"
        }
      },
      {
        "when": {
          "pattern": "dune",
          "material": "netherite"
        },
        "model": {
          "type": "minecraft:model",
          "model": "minecraft:item/diamond_boots/dune/netherite"
        }
      },
      {
        "when": {
          "pattern": "wayfinder",
          "material": "netherite"
        },
        "model": {
          "type": "minecraft:model",
          "model": "minecraft:item/diamond_boots/wayfinder/netherite"
        }
      },
      {
        "when": {
          "pattern": "raiser",
          "material": "netherite"
        },
        "model": {
          "type": "minecraft:model",
          "model": "minecraft:item/diamond_boots/raiser/netherite"
        }
      },
      {
        "when": {
          "pattern": "shaper",
          "material": "netherite"
        },
        "model": {
          "type": "minecraft:model",
          "model": "minecraft:item/diamond_boots/shaper/netherite"
        }
      },
      {
        "when": {
          "pattern": "host",
          "material": "netherite"
        },
        "model": {
          "type": "minecraft:model",
          "model": "minecraft:item/diamond_boots/host/netherite"
        }
      },
      {
        "when": {
          "pattern": "ward",
          "material": "netherite"
        },
        "model": {
          "type": "minecraft:model",
          "model": "minecraft:item/diamond_boots/ward/netherite"
        }
      },
      {
        "when": {
          "pattern": "silence",
          "material": "netherite"
        },
        "model": {
          "type": "minecraft:model",
          "model": "minecraft:item/diamond_boots/silence/netherite"
        }
      },
      {
        "when": {
          "pattern": "tide",
          "material": "netherite"
        },
        "model": {
          "type": "minecraft:model",
          "model": "minecraft:item/diamond_boots/tide/netherite"
        }
      },
      {
        "when": {
          "pattern": "snout",
          "material": "netherite"
        },
        "model": {
          "type": "minecraft:model",
          "model": "minecraft:item/diamond_boots/snout/netherite"
        }
      },
      {
        "when": {
          "pattern": "rib",
          "material": "netherite"
        },
        "model": {
          "type": "minecraft:model",
          "model": "minecraft:item/diamond_boots/rib/netherite"
        }
      },
      {
        "when": {
          "pattern": "eye",
          "material": "netherite"
        },
        "model": {
          "type": "minecraft:model",
          "model": "minecraft:item/diamond_boots/eye/netherite"
        }
      },
      {
        "when": {
          "pattern": "spire",
          "material": "netherite"
        },
        "model": {
          "type": "minecraft:model",
          "model": "minecraft:item/diamond_boots/spire/netherite"
        }
      },
      {
        "when": {
          "pattern": "bolt",
          "material": "netherite"
        },
        "model": {
          "type": "minecraft:model",
          "model": "minecraft:item/diamond_boots/bolt/netherite"
        }
      },
      {
        "when": {
          "pattern": "flow",
          "material": "netherite"
        },
        "model": {
          "type": "minecraft:model",
          "model": "minecraft:item/diamond_boots/flow/netherite"
        }
      },
      {
        "when": {
          "pattern": "sentry",
          "material": "resin"
        },
        "model": {
          "type": "minecraft:model",
          "model": "minecraft:item/diamond_boots/sentry/resin"
        }
      },
      {
        "when": {
          "pattern": "vex",
          "material": "resin"
        },
        "model": {
          "type": "minecraft:model",
          "model": "minecraft:item/diamond_boots/vex/resin"
        }
      },
      {
        "when": {
          "pattern": "wild",
          "material": "resin"
        },
        "model": {
          "type": "minecraft:model",
          "model": "minecraft:item/diamond_boots/wild/resin"
        }
      },
      {
        "when": {
          "pattern": "coast",
          "material": "resin"
        },
        "model": {
          "type": "minecraft:model",
          "model": "minecraft:item/diamond_boots/coast/resin"
        }
      },
      {
        "when": {
          "pattern": "dune",
          "material": "resin"
        },
        "model": {
          "type": "minecraft:model",
          "model": "minecraft:item/diamond_boots/dune/resin"
        }
      },
      {
        "when": {
          "pattern": "wayfinder",
          "material": "resin"
        },
        "model": {
          "type": "minecraft:model",
          "model": "minecraft:item/diamond_boots/wayfinder/resin"
        }
      },
      {
        "when": {
          "pattern": "raiser",
          "material": "resin"
        },
        "model": {
          "type": "minecraft:model",
          "model": "minecraft:item/diamond_boots/raiser/resin"
        }
      },
      {
        "when": {
          "pattern": "shaper",
          "material": "resin"
        },
        "model": {
          "type": "minecraft:model",
          "model": "minecraft:item/diamond_boots/shaper/resin"
        }
      },
      {
        "when": {
          "pattern": "host",
          "material": "resin"
        },
        "model": {
          "type": "minecraft:model",
          "model": "minecraft:item/diamond_boots/host/resin"
        }
      },
      {
        "when": {
          "pattern": "ward",
          "material": "resin"
        },
        "model": {
          "type": "minecraft:model",
          "model": "minecraft:item/diamond_boots/ward/resin"
        }
      },
      {
        "when": {
          "pattern": "silence",
          "material": "resin"
        },
        "model": {
          "type": "minecraft:model",
          "model": "minecraft:item/diamond_boots/silence/resin"
        }
      },
      {
        "when": {
          "pattern": "tide",
          "material": "resin"
        },
        "model": {
          "type": "minecraft:model",
          "model": "minecraft:item/diamond_boots/tide/resin"
        }
      },
      {
        "when": {
          "pattern": "snout",
          "material": "resin"
        },
        "model": {
          "type": "minecraft:model",
          "model": "minecraft:item/diamond_boots/snout/resin"
        }
      },
      {
        "when": {
          "pattern": "rib",
          "material": "resin"
        },
        "model": {
          "type": "minecraft:model",
          "model": "minecraft:item/diamond_boots/rib/resin"
        }
      },
      {
        "when": {
          "pattern": "eye",
          "material": "resin"
        },
        "model": {
          "type": "minecraft:model",
          "model": "minecraft:item/diamond_boots/eye/resin"
        }
      },
      {
        "when": {
          "pattern": "spire",
          "material": "resin"
        },
        "model": {
          "type": "minecraft:model",
          "model": "minecraft:item/diamond_boots/spire/resin"
        }
      },
      {
        "when": {
          "pattern": "bolt",
          "material": "resin"
        },
        "model": {
          "type": "minecraft:model",
          "model": "minecraft:item/diamond_boots/bolt/resin"
        }
      },
      {
        "when": {
          "pattern": "flow",
          "material": "resin"
        },
        "model": {
          "type": "minecraft:model",
          "model": "minecraft:item/diamond_boots/flow/resin"
        }
      }
    ],
    "fallback": {
      "type": "minecraft:model",
      "model": "minecraft:item/diamond_boots"
    },
    "property": "minecraft:component",
    "component": "minecraft:trim"
  }
}